{"fc1.weight": [[0.7784816026687622, 0.23504525423049927, 0.6528242826461792, 0.9584294557571411, -0.46438777446746826, 0.5901188850402832, 1.156375765800476, 1.5574767589569092, -0.26682350039482117, -0.9700942635536194, 0.6510974168777466, -0.40240785479545593, 0.5616670250892639, 0.4724031686782837, -0.4010218679904938, -0.06864579021930695, 0.1259593963623047, 0.007662007585167885, -0.5523788332939148, -0.1941872537136078, 0.9017126560211182, 0.2556776702404022, 0.8950161933898926, 1.0389238595962524, -0.17320778965950012, 0.506519079208374, 0.8710706233978271, 1.302331805229187, 0.040497563779354095, -0.19340264797210693]], "fc1.bias": [-3.013566255569458]}