{"fc1.weight": [[0.5307048559188843, -0.023893136531114578, 0.4335503578186035, 0.5978102684020996, -0.4626893997192383, 0.43043434619903564, 0.6911570429801941, 0.9423731565475464, -0.2326832115650177, -0.5636397004127502, 0.3484545052051544, -0.26229166984558105, 0.330166220664978, 0.2053985744714737, -0.3688948452472687, -0.06933300197124481, 0.004955159034579992, -0.03242846205830574, -0.16388218104839325, -0.10592056065797806, 0.5677123069763184, 0.06210626661777496, 0.5989779829978943, 0.5077157020568848, -0.16199830174446106, 0.3574015498161316, 0.6461046934127808, 0.9290799498558044, -0.16349458694458008, 0.09461978822946548]], "fc1.bias": [-1.7885291576385498]}