{"fc1.weight": [[0.3073580265045166, 0.2529670000076294, 0.3083381652832031, 0.2245328277349472, -0.04442538693547249, 0.32383885979652405, 0.31146523356437683, 0.6070285439491272, -0.021207667887210846, -0.27798935770988464, 0.23715783655643463, -0.11565250158309937, 0.06523820757865906, 0.23248665034770966, -0.22672253847122192, -0.1888003796339035, -0.07991039007902145, -0.11042143404483795, -0.05173955485224724, 0.03276005759835243, 0.6134207844734192, 0.12907055020332336, 0.5565973520278931, 0.5463746786117554, 0.0545126348733902, 0.28999432921409607, 0.4442852735519409, 0.704837441444397, 0.1763087511062622, 0.08054378628730774], [0.11940225213766098, 0.008566409349441528, 0.10793093591928482, 0.3417394161224365, -0.029855286702513695, 0.11446177959442139, 0.0593278743326664, 0.27604708075523376, -0.030618684366345406, -0.2250552624464035, 0.2666779160499573, -0.14830000698566437, 0.08064812421798706, 0.08962942659854889, -0.18229204416275024, 0.09140539169311523, -0.06926185637712479, 0.10290620476007462, 0.07691323012113571, 0.11693793535232544, 0.2885390818119049, 0.2931344211101532, 0.40218979120254517, 0.24438607692718506, 0.04635639116168022, 0.055561985820531845, 0.19203372299671173, 0.35104796290397644, -0.10181158035993576, 0.15373553335666656]], "fc1.bias": [-0.8617703318595886, -0.45555222034454346], "fc2.weight": [[1.8706741333007812, 1.053686261177063]], "fc2.bias": [-1.8649386167526245]}