{"fc1.weight": [[0.3400026559829712, -0.10934454202651978, 0.23397670686244965, 0.8882203102111816, -0.7047199010848999, 0.5089482069015503, 1.307242512702942, 1.4968820810317993, -0.5024802684783936, -1.2269631624221802, 1.1594891548156738, -0.8567432165145874, 1.0811195373535156, 1.5086724758148193, -0.942016065120697, -0.1679922342300415, 0.057018812745809555, -0.2180825024843216, -1.034959077835083, -0.6187556982040405, 0.5485350489616394, -0.128022700548172, 0.6060790419578552, 1.2827494144439697, -0.4857829213142395, 0.49304842948913574, 0.9244197607040405, 0.6932218670845032, -0.26868587732315063, -0.3862333297729492]], "fc1.bias": [-1.2560348510742188]}