{"fc1.weight": [[-0.13243839144706726, 0.0739591121673584, 0.10769984126091003, -0.09507812559604645, -0.11843708902597427, -0.12432102859020233, -0.08883244544267654, -0.02301822602748871, 0.013651147484779358, -0.001287713646888733, -0.048288896679878235, 0.11329790949821472, 0.009648561477661133, -0.10601217299699783, -0.048318251967430115, -0.1073417216539383, -0.06440973281860352, -0.1722230762243271, 0.03190124034881592, -0.1414651870727539, 0.07061338424682617, 0.12507057189941406, -0.13582196831703186, -0.09635013341903687, -0.1442585438489914, 0.04872368276119232, 0.03532719612121582, -0.09423522651195526, 0.1102895438671112, 0.07575857639312744]], "fc1.bias": [-0.1649627983570099], "fc2.weight": [[-0.05439496040344238]], "fc2.bias": [-0.43048930168151855], "fc3.weight": [[-0.17339015007019043]], "fc3.bias": [-0.7277559638023376]}