{"fc1.weight": [[0.3827733099460602, 0.2409081906080246, 0.42661404609680176, 0.3366689383983612, -0.08741644024848938, 0.28149089217185974, 0.5649476051330566, 0.38959693908691406, -0.0970296859741211, -0.3432448208332062, 0.30347752571105957, -0.10120847821235657, 0.10802479833364487, 0.012135820463299751, -0.15224316716194153, 0.09662777930498123, -0.1940544843673706, 0.14921799302101135, 0.09649502485990524, -0.08328497409820557, 0.24097676575183868, 0.3033066391944885, 0.4630905091762543, 0.38965314626693726, 0.11073511838912964, 0.05689472332596779, 0.26747044920921326, 0.6192682385444641, 0.19580146670341492, 0.12804441154003143], [0.4393123984336853, 0.26330405473709106, 0.44349876046180725, 0.21970179677009583, 0.04989343136548996, 0.16516441106796265, 0.5833414196968079, 0.5530930161476135, -0.18088605999946594, -0.10185051709413528, 0.16119331121444702, -0.016973521560430527, 0.25233346223831177, 0.1279257833957672, -0.19585180282592773, -0.17299625277519226, -0.05287538096308708, 0.14422237873077393, -0.05745119974017143, -0.23274022340774536, 0.5678390264511108, 0.14221465587615967, 0.31966108083724976, 0.3174818754196167, 0.21137134730815887, 0.1986646056175232, 0.19662468135356903, 0.36125218868255615, -0.05652230605483055, 0.019475974142551422]], "fc1.bias": [-0.9181589484214783, -0.820178747177124], "fc2.weight": [[1.776930332183838, 1.7160106897354126]], "fc2.bias": [-2.27140212059021]}