{"fc1.weight": [[0.4464607834815979, 0.1798631250858307, 0.301018625497818, 0.46748608350753784, -0.28633981943130493, 0.1444714516401291, 0.537685751914978, 0.8307992815971375, 0.04899202287197113, -0.25374525785446167, 0.40944069623947144, -0.12819698452949524, 0.12969253957271576, 0.3639912009239197, 0.04672521725296974, -0.020375335589051247, 0.07974453270435333, -0.10451523214578629, -0.06293283402919769, -0.16872169077396393, 0.619899332523346, 0.22773760557174683, 0.7073670625686646, 0.6533643007278442, 0.10992175340652466, 0.08891124278306961, 0.4913559556007385, 0.8049353361129761, 0.20822687447071075, 0.07286972552537918]], "fc1.bias": [-1.0802252292633057], "fc2.weight": [[2.3406848907470703]], "fc2.bias": [-2.153386116027832]}