{"fc1.weight": [[0.30222126841545105, 0.20353370904922485, 0.462678998708725, 0.4948737919330597, -0.193095400929451, 0.3265123963356018, 0.5819110870361328, 0.8107883334159851, 0.11532088369131088, -0.450741708278656, 0.46339255571365356, -0.2507670223712921, 0.3464684784412384, 0.24898837506771088, -0.014603642746806145, -0.1728350967168808, 0.05596619099378586, -0.10742220282554626, -0.21865732967853546, -0.06569243222475052, 0.6528564095497131, 0.5026529431343079, 0.5134466290473938, 0.6635173559188843, 0.25718313455581665, 0.18074758350849152, 0.2680581510066986, 0.7736150026321411, 0.09659958630800247, 0.1359286904335022]], "fc1.bias": [-1.1479779481887817], "fc2.weight": [[2.4723076820373535]], "fc2.bias": [-2.091120958328247]}