{"fc1.weight": [[0.21015164256095886, 0.1316935420036316, 0.199912428855896, 0.8626658916473389, -0.41278842091560364, 0.46525225043296814, 1.1761072874069214, 1.3031580448150635, -0.3083661198616028, -0.6462119817733765, 1.1927669048309326, -0.34563037753105164, 0.8433698415756226, 1.5750457048416138, -0.392046719789505, -0.322641521692276, -0.1497485339641571, -0.15797430276870728, -0.46054136753082275, -0.7024731040000916, 0.6729897856712341, 0.3958025276660919, 0.6408775448799133, 1.0238888263702393, 0.026856107637286186, 0.3168535530567169, 0.7727726697921753, 0.8473041653633118, -0.010261295363307, -0.01902616210281849]], "fc1.bias": [-0.9124214053153992], "fc2.weight": [[1.9886640310287476]], "fc2.bias": [-2.136277675628662]}