{"fc1.weight": [[-0.19949360191822052, -0.36506468057632446, -0.20920132100582123, -0.19386757910251617, 0.2159648835659027, -0.12728087604045868, -0.5461769104003906, -0.5364691019058228, -0.05368209630250931, 0.5887985825538635, -0.3041694164276123, -0.020443670451641083, -0.17571617662906647, -0.3541676700115204, -0.02759769931435585, 0.18016886711120605, 0.30890950560569763, 0.09234321862459183, 0.07659460604190826, 0.12043257802724838, -0.6064786911010742, -0.42073771357536316, -0.2813768982887268, -0.44261109828948975, -0.5441522002220154, -0.06993460655212402, -0.3929104804992676, -0.49824029207229614, -0.3697616755962372, 0.13963770866394043]], "fc1.bias": [1.9585098028182983], "fc2.weight": [[-2.625605821609497]], "fc2.bias": [2.075016975402832], "fc3.weight": [[3.2919187545776367]], "fc3.bias": [-2.844014883041382]}