{"fc1.weight": [[0.36515292525291443, 0.06303568929433823, 0.38087427616119385, 0.4776889383792877, -0.38454532623291016, 0.245947927236557, 0.7915992140769958, 0.9366990327835083, -0.3438795506954193, -0.39377763867378235, 0.2983972132205963, -0.39176198840141296, 0.2358272671699524, 0.40053001046180725, -0.390076607465744, 0.058319758623838425, -0.08703450858592987, 0.09742575138807297, -0.21781271696090698, -0.2489764392375946, 0.6475119590759277, 0.2806447446346283, 0.6269466280937195, 0.6019196510314941, -0.10972505062818527, 0.29031282663345337, 0.4865330457687378, 0.9564964771270752, -0.030565477907657623, 0.033207595348358154]], "fc1.bias": [-1.8345932960510254]}