{"fc1.weight": [[0.5697836875915527, 0.3798115849494934, 0.4921901822090149, 0.5058590173721313, -0.05111105740070343, 0.052133381366729736, 0.7080935835838318, 0.9996595978736877, -0.16349299252033234, -0.5959714651107788, 0.2838180363178253, -0.13586045801639557, 0.2004348188638687, 0.32131141424179077, -0.12302466481924057, -0.20490184426307678, -0.1747770756483078, -0.004413908813148737, 0.05118260532617569, -0.20719802379608154, 0.7872750759124756, 0.6093422174453735, 0.8618682026863098, 0.6576695442199707, 0.36231479048728943, 0.3482166528701782, 0.5278255343437195, 1.0560691356658936, 0.39658886194229126, -0.034633975476026535]], "fc1.bias": [-1.6571478843688965], "fc2.weight": [[3.2163548469543457]], "fc2.bias": [-3.0826451778411865]}