{"fc1.weight": [[0.45059293508529663, 0.020143777132034302, 0.3121437728404999, 0.42766210436820984, -0.5277241468429565, 0.13488958775997162, 0.9399896264076233, 1.013850212097168, -0.2816884517669678, -0.4032910168170929, 0.25234711170196533, -0.39014381170272827, 0.4329737424850464, 0.2860255837440491, -0.2937726378440857, 0.08543942868709564, 0.11264350265264511, -0.10373888909816742, -0.37400078773498535, -0.307730108499527, 0.6202096939086914, 0.011929037980735302, 0.6416778564453125, 0.5946608185768127, -0.020592793822288513, 0.3081760108470917, 0.6245068311691284, 0.8457095623016357, 0.08129523694515228, -0.16694560647010803]], "fc1.bias": [-1.8463380336761475]}