{"fc1.weight": [[-0.008844536729156971, -0.12017139047384262, 0.06853993237018585, 0.07777046412229538, 0.22451695799827576, -0.140311598777771, -0.5402909517288208, -0.7087245583534241, 0.08099549263715744, 0.4434310793876648, -0.4231919050216675, 0.1759498119354248, -0.43050089478492737, -0.7866315841674805, -0.0735602080821991, 0.26432397961616516, 0.308016836643219, 0.23761224746704102, -0.013594171032309532, 0.3914700448513031, -0.16823846101760864, -0.2856226861476898, -0.013621151447296143, -0.28979405760765076, -8.823949610814452e-05, -0.07306503504514694, -0.34035587310791016, -0.18412446975708008, -0.09795643389225006, -0.18386127054691315]], "fc1.bias": [0.7932379841804504], "fc2.weight": [[-2.7328133583068848]], "fc2.bias": [1.343147873878479], "fc3.weight": [[3.1183273792266846]], "fc3.bias": [-1.7702674865722656]}