{"linear.weight": [[-0.0689522996544838, 0.12538301944732666, -0.0673697367310524, -0.0005245059728622437, 0.05521295964717865, -0.04746986925601959, 0.011172890663146973, 0.12484410405158997, -0.06736786663532257, -0.04287140071392059, -0.10221558809280396, 0.16745853424072266, 0.06112875044345856, 0.10499972105026245, -0.09876884520053864, -0.05019736289978027, 0.1340518295764923, 0.12894389033317566, -0.14120759069919586, 0.006161972880363464, -0.05874186009168625, 0.006610974669456482, -0.13304577767848969, -0.15386098623275757, -0.08867841213941574, 0.023848578333854675, -0.11441347748041153, -0.08904945850372314, -0.14635011553764343, 0.12835124135017395]], "linear.bias": [0.0879899263381958]}