{"fc1.weight": [[0.14171719551086426, 0.024539053440093994, -0.1060066670179367, -0.08912985771894455, 0.15014299750328064, 0.0602727085351944, 0.005860432982444763, -0.15519967675209045, 0.14132803678512573, -0.09182325750589371, -0.14403647184371948, -0.11141223460435867, 0.0784415602684021, -0.0105934739112854, 0.14218869805335999, -0.11489119380712509, 0.09183961153030396, 0.06235429644584656, -0.10971856862306595, -0.1143067255616188, 0.03349734842777252, -0.02586326003074646, -0.10594209283590317, -0.1645239144563675, 0.08677041530609131, -0.12257790565490723, 0.15965107083320618, 0.1090477705001831, -0.0768749862909317, 0.025321364402770996]], "fc1.bias": [-0.07180532813072205]}