{"fc.weight": [[0.4630447030067444, -0.039958178997039795]], "fc.bias": [0.3668976426124573]}