{"linear.weight": [[0.030970528721809387, -0.03535224497318268, -0.06132744252681732, -0.14293858408927917, 0.08566910028457642, -0.09179346263408661, 0.1529746651649475, 0.15616601705551147, -0.12229733169078827, -0.007047712802886963, -0.014296084642410278, -0.10312258452177048, -0.16579492390155792, -0.1796618103981018, -0.17757149040699005, -0.09834098070859909, 0.152418315410614, -0.1356913447380066, 0.03786417841911316, -0.06403392553329468, 0.14350971579551697, 0.1162467896938324, -0.16155977547168732, -0.018228307366371155, -0.16685894131660461, 0.09181559085845947, -0.08029691129922867, -0.06900671124458313, 0.1512678861618042, 0.021163061261177063]], "linear.bias": [-0.018915250897407532]}