{"linear.weight": [[-0.14603149890899658, 0.11489401757717133, -0.14462070167064667, 0.15910112857818604, -0.16416317224502563, 0.0852605551481247, 0.11410614103078842, -0.05773771181702614, 0.09524695575237274, 0.18170404434204102, 0.0015744277043268085, 0.06679262220859528, 0.15355704724788666, 0.031227922067046165, -0.17851653695106506, 0.01271950826048851, 0.05730932950973511, -0.13884010910987854, -0.05556082725524902, 0.02100396528840065, 0.051340214908123016, 0.10425984114408493, -0.04585794359445572, 0.12820209562778473, -0.1148061752319336, -0.0019243250135332346, 0.149032860994339, -0.09219563752412796, -0.13124032318592072, 0.1308361440896988]], "linear.bias": [0.06847453862428665]}