{"fc.weight": [[-0.48341143131256104, -0.6398309469223022]], "fc.bias": [-0.5807769298553467]}