{"fc.weight": [[0.3721734881401062, -0.06357276439666748]], "fc.bias": [0.644510805606842]}